{
  "player_levels": {},            # 📈 Tracks each player's level and XP
  "player_memory": {},            # 🧠 Logs player actions, choices, and interaction timestamps
  "group_waiting_since": {},      # ⏳ Tracks when each group input cycle started
  "obituary_log": 1,              # 🪦 Total death count or ID of the last obituary posted
  "chapter_state": {},            # 📖 Current story chapter or point for each player
  "chapter_titles": {},           # 🏷️ Chapter names personalized per player
  "active_users": {},             # 🔍 Tracks currently active players in gameplay
  "last_seen": {},                # 👀 Timestamp of when each player was last active
  "ena_emotion_memory": {},       # ❤️ Ena's emotional mood and trust toward each player
  "season_flags": {               # 🍂 Seasonal event trackers
    "beta_started": false,        # ✅ Whether beta launch has been triggered
    "enafest_active": false,      # 🎃 Whether EnaFest is currently active
    "last_season": ""             # 📅 Name or number of the last completed season
  },
  "inked_memories": {},           # 🖋️ Deep memory entries / lore logs per player
  "ena_level": 1,                 # 🩸 Ena’s current evolution level
  "ena_xp": 0,                    # ❤️‍🔥 Ena’s XP toward leveling up emotionally
  "season_announcement_log": {},  # 📢 Prevents repeated countdown or event messages
  "reset_log": {},                # 🔁 Historical log of player resets per season
  "ritual_log": {},               # 🔮 Tracks rituals performed per player (or failed)
  "reputation": {},               # ⚖️ Player morality/reputation scores
  "twisted_promises": {},         # 🫀 Tracks oaths made between Ena and players

  "announcement_flags": {         # 📣 Flags that control seasonal warnings
    "maintenance_warned": false,  # ⚠️ Has the maintenance warning been posted?
    "lockdown_started": false,    # 🚪 Did lockdown begin?
    "season_started": false,      # 🖋️ Was the season announced yet?
    "event_started": false,       # 🎭 Has the special event begun?
    "event_ended": false          # 🧹 Was the event closed out?
  },
  "reset_counters": {},           # 🔄 Tracks how many resets each player has left
  "ena_diary": {},                # 📓 Ena’s internal diary entries about players
  "bound_players": [],            # 🔐 Players who completed !accepttheterms and are "bound"
  "level_up_log": {},             # 🎯 Logs when players hit specific milestone levels
  "inactive_deaths": {},          # ☠️ Players killed by 90-day silence check
  "event_flags": {},              # 🩸 Tracks global events and rituals that have occurred
  "ena_typing_state": {},         # ⌛ Tracks if Ena is "typing" to simulate realism
  "group_log": {}                 # 🤝 Shared memory and prompts for group gameplay
}