{
    "player_levels": {},
    "player_memory": {
        "lolodieheart": {
            "last_interaction": "2025-07-15T21:35:53.401929"
        }
    },
    "group_waiting_since": {},
    "obituary_log": 1,
    "chapter_state": {},
    "chapter_titles": {},
    "active_users": {},
    "last_seen": {},
    "ena_emotion_memory": {},
    "season_flags": {
        "beta_started": false,
        "enafest_active": false,
        "last_season": ""
    },
    "inked_memories": {},
    "ena_level": 1,
    "ena_xp": 0,
    "season_announcement_log": {},
    "reset_log": {},
    "ritual_log": {},
    "reputation": {},
    "twisted_promises": {},
    "announcement_flags": {
        "maintenance_warned": false,
        "lockdown_started": false,
        "season_started": false,
        "event_started": false,
        "event_ended": false
    },
    "reset_counters": {},
    "ena_diary": {},
    "bound_players": {
        "lolodieheart": false
    },
    "level_up_log": {},
    "inactive_deaths": {},
    "event_flags": {},
    "ena_typing_state": {},
    "group_log": {},
    "current_chapter": {},
    "story_response_count": {},
    "ena_stats": {
        "level": 1,
        "xp": 0,
        "kill_log": [],
        "season_start": "2025-07-15T21:17:28.023753"
    }
}